H,AMMO_Time_Seconds,Matrix_Size
0.05,31.75584077835083,32x32
0.1,32.2640438079834,32x32
0.15,35.262967109680176,32x32
0.2,32.74150347709656,32x32
0.25,30.633533477783203,32x32
0.3,30.34648323059082,32x32
0.35,27.70577096939087,32x32
0.4,31.76310634613037,32x32
0.45,53.35112166404724,32x32
0.5,63.91715860366821,32x32
