H,AMMO_Time_Seconds,Matrix_Size
0.05,60.38442516326904,32x32
0.1,105.53618574142456,32x32
0.15,119.8334379196167,32x32
0.2,107.25300717353821,32x32
0.25,118.6207685470581,32x32
0.3,108.18555235862732,32x32
0.35,98.01440334320068,32x32
0.4,86.05759119987488,32x32
0.45,107.20561623573303,32x32
0.5,107.87226247787476,32x32
