H,AMMO_Time_Seconds,Matrix_Size
0.05,46.827269077301025,32x32
0.1,49.86319422721863,32x32
0.15,53.901517391204834,32x32
